[
  {
    "name": "Церковь Света",
    "alignment": "законопослушный",
    "goal": "искоренение тьмы"
  },
  {
    "name": "Культ Песни Тьмы",
    "alignment": "хаотичный",
    "goal": "пробуждение древнего зла"
  },
  {
    "name": "Скрытая Академия",
    "alignment": "нейтральный",
    "goal": "сохранение магических знаний"
  },
  {
    "name": "Гильдия Купцов",
    "alignment": "нейтральный",
    "goal": "монополия на торговлю"
  }
]