{
  "events": [
    {
      "type": "engine",
      "name": "NSFW Echo System Enabled",
      "description": "NPCs now remember sexual events and react emotionally or socially."
    },
    {
      "type": "engine",
      "name": "NSFW Revolution Activated",
      "description": "NSFW activity now alters cities, factions, and provokes clubs or moralist response."
    },
    {
      "type": "engine",
      "name": "NSFW Fallout Deepened",
      "description": "Dueling aftermaths now cause real heartbreak, exile, vengeance, and sects appear."
    }
  ]
}